,repo,language,readme_contents
0,TuckingFypos/turnip-price-tracker,Python,"# Turnip Price Tracker
> A Discord bot for TheLeague4.0 that tracks members' Animal Crossing: New Horizons Turnip prices

The chatbot lives persistently on a networked Raspberry Pi 3 B+, and takes in user-submitted Turnip prices on a day-to-day basis. These prices are compared user to user, and the top price can be called so any member can see the best place to visit if they'd like to sell their Turnips for profit.  

The bot also has other miscellaneous Discord functionality, which can be triggered by users with the !command, and are all visible to you in the /cogs directory of this repo. 

## Installation

Required Dependences [Linux]:

Python 3.6+
```sh
$ sudo apt-get install python3.6
```

Discord.py:
```sh
python3 -m pip install -U discord.py
```

## Usage example

Submitting a Turnip Price:
```sh
!turnips <price>
```

Checking Turnip Prices:
```sh
!turnips
```

## Release History

* July 24, 2020
  * Implemented !Xur with the help of [@NotDisliked](https://twitter.com/NotDisliked), developer of [WhereTheFIsXur](https://www.wtfix.gg). 

* May 11, 2020
  * Implemented !rollNdN to roll a dice
  * Implemented a formatted embed for the !turnips price return
  * Implemented !quickpoll 

* April 22, 2020
  * Implemented Cogs
  * Fixed the Clear function (for real this time)
  * Fixed the Choose command

* April 19, 2020
  * Fixed the calculation for Sundays, buy days now seek out the lowest price
  * Somehow broke the Clear function again. Must investigate...
 

* April 13, 2020
  * Fixed timekeeping to reflect the Noon price reset
  * Fixed the Clear function thanks to some community help

* April 9, 2020
   * Added Issue Tracking to the repo
   * Added Sponsorship links to the top-bar

* April 8, 2020
    * Work in progress
    * Tracks basic Turnip Sale prices daily
    * No Sunday support for buying Turnips

## Meta

James D. â€“ [@TuckingFypos](https://twitter.com/tuckingfypos)

[![ko-fi](https://www.ko-fi.com/img/githubbutton_sm.svg)](https://ko-fi.com/Y8Y81LHJL)


## Contributing

1. Fork it (<https://github.com/tuckingfypos/turnip-price-tracker/fork>)
2. Create your feature branch (`git checkout -b feature/fooBar`)
3. Commit your changes (`git commit -am 'Add some fooBar'`)
4. Push to the branch (`git push origin feature/fooBar`)
5. Create a new Pull Request
"
1,HxBreak/AnimalCrossingTools-Android,Kotlin,"# Animal Crossing Tools - Android

## description

This is a tool helper player mark collected item in game and listening muisc, application 's some code can be reuseable in other project like network interactive, I'm separating it to shared module.

Project is using paging3, retrofit, hilt, okhttp, protobuf, navigation, Also this can help other people to know how to using morden android development skill.

## Intertive Preview

![](art/art1.gif)
![](art/art2.gif)

## requirement

flutter - newest dev version

## setup

`cd acnh_module && flutter pub get && cd ..`

`./gradlew assembleDebug`"
2,stellaw1/fellow-crossing,C++,"<p align=""center""> <img src=""https://imgur.com/d4drRso.png"" align=""center"" alt=""Logo"" width=""486"" height=""313""></p>

# Fellow Crossing
An Animal Crossing inspired game, designed to replicate office environments and encourage socialization between fellows


## Inspiration
The Major League Hacking Fellowship has been great, don't get us wrong. However, something we miss in our remote summer experience are the casual coffee breaks and candid conversations with coworkers. So, we decided to create a virtual experience to encourage unstructured socializing between fellows in an enjoyable, Animal Crossing inspired video game.  


## What it does
Fellow Crossing is a video game that encourages socialization between coworkers. It includes a coffee room with voice calling features, a music room with synchronized background music, and a personal office space with customizable furniture. These features were developed with the goal of encouraging small talk and mingling amongst fellows during their break times. 


## Tools used to build this project
 - [Godot game engine](https://godotengine.org/download/windows)
 - SQL database
 - AWS server
 - itch io
 - Photoshop
 - Adobe Illustrator
 - Python 
 - [Mumble](https://www.mumble.com/mumble-download.php)


## Instructions to play game

### Remote server
To play the multiplayer version of the game, please install the [Mumble client](https://www.mumble.com/mumble-download.php) at the default location. Then, head to [here](https://stellaw1.itch.io/fellow-crossing) to download an executable version of our game. Please download `windowsApp.exe` and `windows.App.pck` for Windows or `macApp.dmg.zip`  for Mac. Launch the executable and have fun!


### Local server [for debugging/ testing purposes]
##### Server
To start the server, open terminal and navigate to `fellow-crossing/godot-sqlite-1.7/Game/`. Then, run this command:

```
  /path/to/godot --path . --server
```

##### Client
Ensure the `IP` constant in the file `Client/Chat/ChatBox.gd` is set to ""127.0.0.1"". Open the `project.godot` file in `fellow-crossing/godot-sqlite-1.7/Game/` using the Godot game engine editor and play the project.


## License

This project is licensed under the MIT License - see the LICENSE.md file for details
"
3,mutoo/critterpedia-plus,JavaScript,"# Critterpedia-plus

An advanced critterpedia for Animal Crossing: New Horizons, helps you find new critters easily.

## Screenshots

The time traveling filters, allow you to inspect critters' availabilities now and then.

![Filters](./screenshots/filters.jpg)

Display the critters with game interface, helps you easily to finish your collection.

![Insect Grid](./screenshots/insects.jpg)

![Fish Grid](./screenshots/fish.jpg)

More details than in game view.

![Insect Detail](./screenshots/insect-detail.jpg)

![Fish Detail](./screenshots/fish-detail.jpg)

Shadow preview provides more intuitive idea what it looks like.

![Fish Shadow](./screenshots/fish-shadow.jpg)

Visit the live site for more fun here:
https://mutoo.github.io/critterpedia-plus/

## License

MIT

## Credits

This project is based on [react-boilerplate v5.0](https://github.com/react-boilerplate/react-boilerplate/pull/2815).

I also want to thank [ACNH API](http://acnhapi.com/), which provides a very easy way to access game data for this project.
"
4,seanpm2001/Mammal_Town,Python,
5,Maxzilla60/AC-Lister,TypeScript,"# Animal Crossing â˜… Villager Lister
Easily search, view and assemble lists of your favorite Animal Crossing villagers!

### ğŸ‘‰ [**Visit it here!**](https://ac-lister.netlify.app/) ğŸ‘ˆ
[![Netlify Status](https://api.netlify.com/api/v1/badges/fd74c070-049b-43ef-b920-a28f989f7906/deploy-status)](https://app.netlify.com/sites/ac-lister/deploys)

## â­ Features
- ğŸ” Easily search through all current villagers *(by name, species, and personality)*
- ğŸ“œ Multiple custom lists
- ğŸ‘ See species, personality, favorite coffee and birthday at a glance
- ğŸ’¾ Browser remembers your lists even after a page refresh *(but not after hard refresh/clearing cache)*
- ğŸ“ Export and upload your lists from files
- ğŸ“„ Save your lists as a simple text file

## ğŸ—³ Feedback?
Please go **[here](https://github.com/Maxzilla60/AC-Lister/issues)** and let me know!

## ğŸš§ Work In Progress Board

If you're curious about upcoming/planned features and what's currently being worked on, check out the **[Trello board](https://trello.com/b/DD4k8ncM/ac-lister-20)**.

## ğŸ¯ Version 2.0 Goals

 - [x] Build the website with a simple web bundler, **[Parcel](https://parceljs.org)**.
 - [x] Refactor the JavaScript code to use a Model-View-Presenter architecture with **[TypeScript](https://www.typescriptlang.org)** and **[RxJS](https://rxjs-dev.firebaseapp.com)**.
 - [x] Implement integration tests with **[Cypress](https://www.cypress.io)**.
 - [x] Overhaul the CSS & HTML to make it mobile-friendly with **[CSS Grid](https://css-tricks.com/snippets/css/complete-guide-grid/)**.
 - [x] Host the website on **[Netlify](https://www.netlify.com/)**.
 - [ ] Convert the website into a **[PWA](https://developers.google.com/web/progressive-web-apps/)**.

## ğŸŒ· Credits
- [Purple-Pixel](https://purple-pixel.tumblr.com/) for the wonderful profile art.
- [Here](http://kelseycrossing.com/post/149344517906/animal-crossing-pixel-masterpost) and [here](http://reguluscrossing.tumblr.com/post/153233705592/tried-to-edit-some-of-rehoeass-pixels-to-make) for the small villager icons.
- Special thanks to Lucy for helping me out with the villager information and images (`villagers.js`).
- [Font Awesome](http://fontawesome.io/) icons.
- [Real Favicon Generator](http://realfavicongenerator.net/).
- [Confetti](https://github.com/catdad/canvas-confetti) for the fun confetti!
- [Lozad](https://apoorv.pro/lozad.js/) for lazy loading of images.
- [HammerJS](https://hammerjs.github.io) for mobile gestures.
"
6,jamchamb/ac-nesrom-save-generator,Python,"# ac-nesrom-save-generator

## Setup

Use `pip` to install dependencies:

```
$ pip install -r requirements.txt
```

Then install the script with:

```
$ python setup.py install
```

You may want to use a [virtual environment](https://virtualenv.pypa.io/en/stable/) for this.

## ROM files

This tool can generate Animal Crossing save files that contain playable NES ROMs.
To create a new file, provide the name of the game, the path to the ROM image, and the path
to the output GCI file.

    $ ac-nesrom-gen ""Mega Man"" ""Mega Man (USA).szs"" mega_man_nes.gci
    Need 12 blocks to contain ROM GCI
    Checksum: 0x00973e8e
    Check byte: 0x72

The ROM image can optionally be compressed in ""Yaz0"" (""szs"") format using a tool
like wszstools.

Use a memory card manager to import the GCI file to a memory card, and then use
the ""NES Console"" item to play the ROM.

If you're playing on Dolphin, disable anti-aliasing when playing NES games to
get a better picture.

## Patcher files

This tool can also be used to generate NES ROM files that contain patch tags. These
tags can be used to patch code and data in memory.

Example usage of the patch options:

    $ ac-nesrom-gen ""Zuru2 Patch"" /dev/null zuru_mode_2.gci -p 80206F9c 0000007D

Each `-p`/`--patch` option inserts a small ROM tag patch (251 bytes or less) within
the address range `0x80000000` - `0x807FFFFF`.

Larger patches, including code patches, can be inserted into the ROM data section.
Use the `--loader` option to insert a patch loader that automatically loads big patches
from the ROM data section, and supply the path to a patch file where the ROM file path
would normally go.

    $ ac-nesrom-gen --loader ""printf"" printf_c.patch printf_c.gci

If a patch only needs to run once upon loading, the `--autoheader` option
can be used to generate a header for it automatically. It takes the load address
of the patch as an argument.

    $ ac-nesrom-gen --loader --autoheader 80002000 ""Test"" test.patch test.gci

See the [ac-patch-loader](https://github.com/jamchamb/ac-patch-loader) repo
for patch format and calling conventions.

## Big patch generator

YAML files describing a series of big patches and settings can be used to generate
the big patch section content automatically.

This example includes two patches. It uses a hex string to overwrite one instruction
at `0x80404E24`, and then loads a larger patch from the file `debug_printf_c.patch`
to be inserted at `0x80002000`.

```yaml
settings:
    jut_console: false

patches:
  - target: 0x80404E24
    bytes: '4BBFD1DD'

  - target: 0x80002000
    file: debug_printf_c.patch
```

This example inserts a patch that will be called immediately after
it's loaded to `0x80002000`. It also enables the in-game debug console
without requiring zuru mode to be enabled.

```yaml
settings:
  jut_console: true

patches:
  - target: 0x80002000
    file: hello_osreport_c.patch
    flags:
      jump: true
```
"
7,HarrisonXi/AnimalCrossingFlower,Python,"# ã€ŠåŠ¨ç‰©æ£®å‹ä¼šã€‹è“ç«ç‘°èŠ±å‰æ‚äº¤æ— æ­§ä¹‰ä¼˜åŒ–æ–¹æ¡ˆ

### å¼•ç”¨èµ„æ–™

Googleæ–‡æ¡£ï¼š

[èŠ±å‰æ‚äº¤æŒ‡å—ï¼šAnimal Crossing Flower Genetics Guide](https://docs.google.com/document/d/1ARIQCUc5YVEd01D7jtJT9EEJF45m07NXhAm4fOpNvCs)

[èŠ±å‰åŸºå› è¡¨ç°è¡¨æ ¼ï¼šACNH/ACNL Flower Flags](https://docs.google.com/spreadsheets/d/11pRCX8G0xGizSYWgVhoUSu7pE-MV7AOprBcgSY1whB4)

å¾®åšå¤§ä½¬[é˜¿ä¸˜ä¸ä¸¥è‚ƒ](https://www.weibo.com/u/1949050703)ç¿»è¯‘çš„è¯‘æ–‡ï¼š

[å…¨èŠ±æœµåŸºå› å‹åŠæ‚äº¤åŸç†å‚è€ƒï¼ˆç¼–è¯‘ï¼‰](https://www.weibo.com/ttarticle/p/show?id=2309404493225317499148)

ä¸Šä¸€ç¯‡æ–‡ç« ï¼š

[ã€ŠåŠ¨ç‰©æ£®å‹ä¼šã€‹è“ç«ç‘°èŠ±å‰æ‚äº¤æ— æ­§ä¹‰æ–¹æ¡ˆ](https://github.com/HarrisonXi/AnimalCrossingFlower/blob/master/readme_old.md)

### å‰è¨€

å‰ä¸€ç¯‡æ–‡ç« ç»™å¤§å®¶ä»‹ç»äº†æ— æ­§ä¹‰æ–¹æ¡ˆï¼Œä½†æ˜¯å› ä¸ºæ¦‚ç‡å¤ªä½æ²¡æœ‰ä»€ä¹ˆåµç”¨ï¼Œæ‰€ä»¥ä»Šå¤©è¦åšçš„å°±æ˜¯ä¼˜åŒ–è¿™ä¸ªæ–¹æ¡ˆã€‚å…³äºä»€ä¹ˆæ˜¯æ— æ­§ä¹‰æ–¹æ¡ˆï¼Œè¯·çœ‹ä¸Šä¸€ç¯‡ï¼

### å¦ä¸€ç§æ— æ­§ä¹‰çš„å¯èƒ½æ€§

å‰ä¸€ç¯‡æ–‡ç« æˆ‘è§‰å¾—åŒä¸€ç§èŠ±è‰²å‡ºç°ä¸¤ä¸ªåŸºå› å‹ï¼Œå°±ä¼šéš¾ä»¥åˆ¤æ–­æ­§ä¹‰ã€‚ä½†æ˜¯ç°åœ¨æˆ‘è§‰å¾—ä¸å®Œå…¨æ˜¯è¿™æ ·ï¼Œç±»ä¼¼äºä¸Šä¸€ç¯‡æ–‡ç« é‡Œæåˆ°çš„ä¾‹å­ä¸­ï¼Œä¸¤ç§ç´«è‰²å°±æ˜¯å¯ä»¥åŒºåˆ†çš„ï¼š

![old.png](https://github.com/HarrisonXi/AnimalCrossingFlower/raw/master/old.png)

æ‰€ä»¥æˆ‘æ”¹è‰¯äº†ç®—æ³•ï¼Œå¦‚æœæ‚äº¤ç»“æœä¸­åŒé¢œè‰²çš„èŠ±å‡ºç°äº†**ä¸¤ç§**åŸºå› å‹ï¼Œé‚£ä¹ˆæˆ‘ä¼šæŠŠä¸¤ç§èŠ±éƒ½å’Œä¸‰è‰²åŸå§‹ç§å­èŠ±æ‚äº¤ä¸€ä¸‹ï¼Œç”¨ä»¥åˆ¤æ–­è¿™ä¸ªåŸºå› å‹æ˜¯ä¸æ˜¯å¯æ¶ˆæ­§ä¹‰çš„ã€‚ç”¨ä¸Šå›¾ä¸­çš„ä¾‹å­æ¥è¯´ï¼Œrryywwsså’Œé»„è‰²åŸå§‹ç§å­èŠ±æ‚äº¤åªèƒ½å‡ºç™½è‰²ï¼Œè€ŒrrYywwsså’Œé»„è‰²åŸå§‹ç§å­èŠ±æ‚äº¤æ˜¯èƒ½é¢å¤–å‡ºç°é»„è‰²çš„ã€‚ä¸€æ—¦èƒ½å‡ºé»„è‰²ï¼Œå®ƒå°±ä¸€å®šæ˜¯rrYywwssåŸºå› å‹ï¼Œæ‰€ä»¥è¿™é‡Œæˆ‘å°±ä¼šè®¤å®šrrYywwssä¹Ÿæ˜¯æ— æ­§ä¹‰çš„ã€‚ï¼ˆè¿™ä¸ªç®—æ³•å†™èµ·æ¥æœ‰ç‚¹çƒ¦ï¼Œæˆ‘æ‰¿è®¤ç¬¬ä¸€ç‰ˆæ˜¯å› ä¸ºæˆ‘æ‡’æ‰€ä»¥æ²¡å¥½å¥½å®ç°è¿™ä¸ªã€‚ï¼‰

### å‰”é™¤ä½æ¦‚ç‡å¤ªå¹¶å¢åŠ è½®æ•°

ç´§æ¥ç€æˆ‘å°è¯•äº†å‰”é™¤ä½æ¦‚ç‡çš„ç»“æœå¹¶å¢åŠ çš„æ‚äº¤çš„è½®æ•°ï¼Œå› ä¸ºè¿™æ ·åšå¯ä»¥å¯¹åŸºå› è¿›è¡Œæçº¯ã€‚RrYyWwsså¦‚æœèƒ½æ¸æ¸å˜æˆRrYywwssä¹‹ç±»çš„ï¼Œé‚£è‚¯å®šæ˜¯æå¥½çš„ã€‚

ç®—æ³•ä¼˜åŒ–åˆ°è¿™é‡Œä¹‹åï¼Œå·®ä¸å¤š4è‡³6è½®æ‚äº¤ï¼ˆä¸å«æ¶ˆæ­§ä¹‰æ­¥éª¤ï¼‰åï¼Œå°±èƒ½å¾—åˆ°ä¸€äº›æ¯”è¾ƒå¥½çš„åŸºå› å‹ç”¨æ¥åŸ¹è‚²è“ç«ç‘°äº†ï¼ˆå®Œæ•´ç»“æœï¼š[output2.txt](https://github.com/HarrisonXi/AnimalCrossingFlower/blob/master/output2.txt)ï¼‰ï¼š

```
RRYywwss(é»‘) + RRYywwss(é»‘) = RRYYwwss(è“) 25.0%
RRYywwss(é»‘) + RrYYwwss(çº¢) = RRYYwwss(è“) 25.0%
RRYywwss(é»‘) + RRYYwwSs(çº¢) = RRYYwwss(è“) 25.0%
RRYywwss(é»‘) + RRYYWwss(æ©™) = RRYYwwss(è“) 25.0%
RrYYwwss(çº¢) + RrYYwwss(çº¢) = RRYYwwss(è“) 25.0%
RrYYwwss(çº¢) + RRYYwwSs(çº¢) = RRYYwwss(è“) 25.0%
RrYYwwss(çº¢) + RRYYWwss(æ©™) = RRYYwwss(è“) 25.0%
RRYYwwSs(çº¢) + RRYYwwSs(çº¢) = RRYYwwss(è“) 25.0%
RRYYwwSs(çº¢) + RRYYWwss(æ©™) = RRYYwwss(è“) 25.0%
RRYYWwss(æ©™) + RRYYWwss(æ©™) = RRYYwwss(è“) 25.0%
```

### è®¡ç®—ç§å­å¾—åˆ†

ä½†æ˜¯çœ‹ä¸€éå®Œæ•´ç»“æœå°±ä¼šå‘ç°èŒ«èŒ«èŠ±æµ·ï¼Œè¦æ‰¾ä¸ªæœ€ä¼˜çš„æ‚äº¤è·¯çº¿ä¸å®¹æ˜“ã€‚æœ‰äº›ç»“æœä¼šä½¿å¾—åŸºå› çº¯åº¦è¶Šæ¥è¶Šä½ï¼Œç±»ä¼¼RrYyWwSsè¿™ç§åŠ¨ä¸åŠ¨å°±èƒ½æ‚äº¤å‡ºåå‡ ç§åŸºå› å‹ï¼Œæ‰€ä»¥ä¹Ÿåº”è¯¥ä»æµç¨‹é‡Œç›´æ¥å‰”é™¤æ‰å®ƒä»¬ã€‚ä¸ºäº†è¿›ä¸€æ­¥ä¼˜åŒ–ï¼Œæˆ‘ç»™ç§å­æ–°å¢äº†è¯„åˆ†ç³»ç»Ÿã€‚æ¯”å¦‚çº¢è‰²æˆ‘ä»¬æœŸæœ›çš„åŸºå› å‹æ˜¯RRï¼Œé‚£ä¹ˆRRè®¡3åˆ†ï¼ŒRrè®¡2åˆ†ï¼Œrrè®¡0åˆ†ï¼ˆå…³äºä¸ºä»€ä¹ˆè¿™ä¹ˆè®¡åˆ†å°±ä¸å±•å¼€è¯´äº†ï¼‰ã€‚è¿™æ ·æˆ‘ä»¬å¯¹å››ç»„åŸºå› åšå®Œè¯„åˆ†ï¼Œä¸‰è‰²çš„åŸå§‹ç§å­è¿˜æœ‰è“ç«ç‘°çš„åŸºå› å‹å¾—åˆ†å°±æ˜¯ï¼š

```
rryyWwss(ç™½) = 5åˆ†
rrYYWWss(é»„) = 6åˆ†
RRyyWWSs(çº¢) = 5åˆ†
RRYYwwss(è“) = 12åˆ†
```

æ¯æ¬¡æ‚äº¤å®Œå¾—åˆ°æ–°çš„ç»“æœï¼Œæˆ‘ä»¬ä¸ä»…è¦é€‰æ‹©æ— æ­§ä¹‰çš„ï¼Œè¿˜è¦æœŸæœ›å¾—åˆ†æ›´é«˜çš„ç»“æœï¼Œæ¥ä¿è¯åŸºå› å‹è¶Šæ¥è¶Šè¶‹è¿‘äºè“ç«ç‘°ã€‚

### ç»“è®º

å†æ¬¡æ”¹è¿›åçš„ç®—æ³•ï¼ˆæºä»£ç ï¼š[flower.py](https://github.com/HarrisonXi/AnimalCrossingFlower/blob/master/flower.py)ï¼‰ï¼Œè¿è¡Œä¸€ä¸‹å°±å¯ä»¥å¾—åˆ°ç»“æœï¼š[output3.txt](https://github.com/HarrisonXi/AnimalCrossingFlower/blob/master/output3.txt)ã€‚å¯ä»¥çœ‹åˆ°å·²ç»å¾ˆç®€çŸ­äº†ï¼Œä»è¿™é‡Œé¢å‰”é™¤ä¸€äº›æ²¡ç”¨ä¸Šçš„è·¯çº¿å¾—åˆ°ä¸‹é¢çš„ç»“æœï¼Œå°±å¯ä»¥æŒ‰ç…§è¿™ä¸ªè·¯çº¿å°è¯•è¿›è¡ŒåŸ¹è‚²å•¦ã€‚

```
**** ç¬¬1è½® ****
rryyWwss(ç™½) + rryyWwss(ç™½) = rryywwss(ç´«) 25.0%(6)
rryyWwss(ç™½) + rrYYWWss(é»„) = rrYyWwss(ç™½) 50.0%(7)
rryyWwss(ç™½) + RRyyWWSs(çº¢) = RryyWwss(çº¢) 25.0% æ­§(7)
rrYYWWss(é»„) + RRyyWWSs(çº¢) = RrYyWWss(æ©™) 50.0%(7)
RRyyWWSs(çº¢) + RRyyWWSs(çº¢) = RRyyWWss(é»‘) 25.0%(6)
**** ç¬¬2è½® ****
rryyWwss(ç™½) + rrYyWwss(ç™½) = rrYywwss(ç´«) 12.5% æ­§(8)
RRyyWWSs(çº¢) + RryyWwss(çº¢) = RRyyWwss(é»‘) 12.5% æ­§(8)
rryywwss(ç´«) + rrYyWwss(ç™½) = rrYywwss(ç´«) 25.0% æ­§(8)
rrYyWwss(ç™½) + rrYyWwss(ç™½) = rrYywwss(ç´«) 12.5% æ­§(8)
RryyWwss(çº¢) + RRyyWWss(é»‘) = RRyyWwss(é»‘) 25.0% æ­§(8)
**** ç¬¬3è½® ****
rrYYWWss(é»„) + rrYywwss(ç´«) = rrYYWwss(é»„) 50.0%(8)
rrYyWwss(ç™½) + rrYywwss(ç´«) = rrYYWwss(é»„) 12.5%(8)
RrYyWWss(æ©™) + rrYywwss(ç´«) = rrYYWwss(é»„) 12.5%(8)
RrYyWWss(æ©™) + rrYywwss(ç´«) = RrYYWwss(æ©™) 12.5%(10)
rrYywwss(ç´«) + rrYywwss(ç´«) = rrYYwwss(ç™½) 25.0%(9)
**** ç¬¬4è½® ****
RRyyWwss(é»‘) + RrYYWwss(æ©™) = RRYywwss(é»‘) 12.5%(11)
rrYYWwss(é»„) + RrYYWwss(æ©™) = RrYYwwss(çº¢) 12.5%(11)
RrYYWwss(æ©™) + RrYYWwss(æ©™) = RrYYwwss(çº¢) 12.5%(11)
RrYYWwss(æ©™) + rrYYwwss(ç™½) = RrYYwwss(çº¢) 25.0%(11)
**** ç»“æœ ****
RRYywwss(é»‘) + RRYywwss(é»‘) = RRYYwwss(è“) 25.0%
RRYywwss(é»‘) + RrYYwwss(çº¢) = RRYYwwss(è“) 25.0%
RrYYwwss(çº¢) + RrYYwwss(çº¢) = RRYYwwss(è“) 25.0%
```

æ³¨ï¼šæœ«å°¾å«æœ‰â€œæ­§â€å­—çš„å°±æ˜¯éœ€è¦äºŒæ¬¡æ‚äº¤éªŒè¯ä¸‹æ¶ˆæ­§ä¹‰ã€‚

æ•´ç†ä¸‹ç›®å‰ç®—å‡ºæ¥è¾ƒä¼˜çš„å®Œæ•´æ‚äº¤æ­¥éª¤ï¼š

```
1. rryyWwss(ç™½ç§å­) + rrYYWWss(é»„ç§å­) = rrYyWwss(ç™½1) 50.0%
2. ç¬¬ä¸€æ­¥é‡Œçš„ç™½è‰²èŠ±å’Œç™½ç§å­èŠ±æ‚äº¤ï¼Œå¯èƒ½ä¼šå¾—å‡ºä¸¤ç§ç´«è‰²ï¼š
   rryyWwss(ç™½ç§å­) + rrYyWwss(ç™½1) = rryywwss(ç´«2A) 12.5%
   rryyWwss(ç™½ç§å­) + rrYyWwss(ç™½1) = rrYywwss(ç´«2B) 12.5%
3. å°†åŸ¹è‚²å‡ºæ¥çš„ç´«è‰²éƒ½å’Œé»„ç§å­èŠ±æ‚äº¤ï¼Œå¯èƒ½å¾—å‡ºä»¥ä¸‹ç»“æœï¼š
   rrYYWWss(é»„ç§å­) + rryywwss(ç´«2A) = rrYyWwss(ç™½1) 100.0%
   rrYYWWss(é»„ç§å­) + rrYywwss(ç´«2B) = rrYyWwss(ç™½1) 50.0%
   rrYYWWss(é»„ç§å­) + rrYywwss(ç´«2B) = rrYYWwss(é»„3) 50.0%
   æ³¨æ„è¿™é‡Œäº§ç”Ÿçš„ç™½è‰²éƒ½æ˜¯å’Œç¬¬ä¸€æ­¥çš„ç™½è‰²æ˜¯ä¸€æ ·çš„åŸºå› å‹ï¼Œå¯ä»¥é‡å¤åˆ©ç”¨ã€‚
   ä¸€æ—¦äº§å‡ºäº†é»„è‰²èŠ±ï¼Œé‚£ä¹ˆè¿™ä¸ªç´«è‰²èŠ±å°±æ˜¯rrYywwss(ç´«2B)åŸºå› å‹ï¼Œè¿™ä¸ªé»„è‰²èŠ±åé¢è¿˜ä¼šç”¨åˆ°ï¼Œä¸è¦ä¸¢ã€‚
4. RRyyWWSs(çº¢ç§å­) + rrYYWWss(é»„ç§å­) = RrYyWWss(æ©™4) 50.0%
5. RrYyWWss(æ©™4) + rrYywwss(ç´«2B) = rrYYWwss(é»„3) 12.5%
   RrYyWWss(æ©™4) + rrYywwss(ç´«2B) = RrYYWwss(æ©™5) 12.5%
   è¿™ä¸¤ä¸ªéƒ½æ˜¯æ— æ­§ä¹‰çš„ç»“æœã€‚
6-1. è¿™é‡Œå¾—åˆ°çš„å¤šä¸ªRrYYWwss(æ©™5)ç›¸äº’æ‚äº¤ï¼Œå·²ç»æœ‰6.2%çš„æ¦‚ç‡å‡ºè“è‰²äº†ã€‚æ²¡æœ‰å‡ºè“è‰²çš„è¯ï¼Œè¿˜æœ‰æŒºå¤§æ¦‚ç‡å‡ºç°é˜¿ä¸˜æ–‡ç« é‡Œæåˆ°çš„äºŒä»£çº¢ï¼š
   RrYYWwss(æ©™5) + RrYYWwss(æ©™5) = RrYYwwss(äºŒä»£çº¢) 12.5%
   RrYYWwss(æ©™5) + RrYYWwss(æ©™5) = RRYYwwss(è“) 6.2%
   ä¸Šé¢çš„ç»“æœéƒ½æ˜¯æ— æ­§ä¹‰çš„ã€‚ä¸è¿‡ä¸æ˜¯å¾ˆæ¨èè¿™ä¸ªæ–¹æ¡ˆï¼Œå› ä¸ºåé¢çš„æ–¹æ¡ˆå¯ä»¥æŒç»­ä¼˜åŒ–æ¦‚ç‡ã€‚
6-2. æŠŠRrYYWwss(æ©™5)å’Œä¹‹å‰çš„rrYYWwss(é»„3)è¿›è¡Œæ‚äº¤ï¼š
   RrYYWwss(æ©™5) + rrYYWwss(é»„3) = rrYYwwss(ç™½6) 12.5%
   RrYYWwss(æ©™5) + rrYYWwss(é»„3) = RrYYwwss(äºŒä»£çº¢) 12.5%
   ä¸Šé¢çš„ç»“æœéƒ½æ˜¯æ— æ­§ä¹‰çš„ã€‚è¿™ä¸ªrrYYwwss(ç™½6)å¦‚æœåŸ¹è‚²å‡ºæ¥ï¼Œä¹Ÿæ˜¯æœ‰ç”¨çš„ã€‚
6-3. å¦‚æœå¾—åˆ°äº†rrYYwwss(ç™½6)ï¼Œä¼˜å…ˆæ‹¿å®ƒå’ŒRrYYWwss(æ©™5)æ‚äº¤ï¼š
   RrYYWwss(æ©™5) + rrYYwwss(ç™½6) = rrYYWwss(é»„3) 25.0%
   RrYYWwss(æ©™5) + rrYYwwss(ç™½6) = rrYYwwss(ç™½6) 25.0%
   RrYYWwss(æ©™5) + rrYYwwss(ç™½6) = RrYYWwss(æ©™5) 25.0%
   RrYYWwss(æ©™5) + rrYYwwss(ç™½6) = RrYYwwss(äºŒä»£çº¢) 25.0%
   ç›¸ä¿¡ä½ ä¹Ÿå‘ç°äº†ï¼Œå‡ºç°çš„4ç§ç»“æœéƒ½æ˜¯æœ‰ç”¨çš„ã€‚
7. RrYYwwss(äºŒä»£çº¢) + RrYYwwss(äºŒä»£çº¢) = RRYYwwss(è“) 25.0%
   RrYYwwss(äºŒä»£çº¢) + RrYYwwss(äºŒä»£çº¢) = rrYYwwss(ç™½6) 25.0%
   RrYYwwss(äºŒä»£çº¢) + RrYYwwss(äºŒä»£çº¢) = RrYYwwss(äºŒä»£çº¢) 50.0%
8. ä¸ºä»€ä¹ˆè¿˜æœ‰æ­¥éª¤8ï¼Ÿå“ˆå“ˆå“ˆï¼Œä¸è¦å¥‡æ€ªï¼Œå®Œå–„çš„åŸ¹è‚²æ–¹æ¡ˆå¯ä¸ä¼šæ•™ä½ åªåŸ¹è‚²ä¸€æœµè“ç«ç‘°ã€‚æŠŠè“ç«ç‘°å’ŒäºŒä»£çº¢ç§ä¸€èµ·ï¼Œå¯ä»¥æé«˜åŸ¹è‚²æ›´å¤šè“ç«ç‘°çš„æ•ˆç‡ï¼š
   RrYYwwss(äºŒä»£çº¢) + RRYYwwss(è“) = RrYYwwss(äºŒä»£çº¢) 50.0%
   RrYYwwss(äºŒä»£çº¢) + RRYYwwss(è“) = RRYYwwss(è“) 50.0%
```

### å…³äºç¬¬ä¸€ç¯‡æ–‡ç« ä¸­çš„äºŒä»£çº¢

æ”¹è¿›äº†æ–°ç®—æ³•åï¼Œå‘ç°ä¸¤æ­¥å°±èƒ½åŸ¹è‚²å‡ºç¬¬ä¸€ç¯‡æ–‡ç« ä¸­çš„äºŒä»£çº¢RrYyWwssï¼Œä¸æƒ³æŠ˜è…¾é‚£ä¹ˆå¤šå¤æ‚æ­¥éª¤ï¼Œå¯ä»¥ç”¨è¿™ä¸ªåŸºå› å‹æèŠ±æµ·æˆ˜æœ¯ã€‚å½“ç„¶æˆ‘åªæ˜¯çæ‰¯çš„ï¼Œå› ä¸ºä¸Šä¸€ç¯‡å°±è¯´äº†æ¦‚ç‡å¤ªä½å¯¼è‡´å‡ ä¹æ²¡æœ‰dioç”¨ã€‚

![red.png](https://github.com/HarrisonXi/AnimalCrossingFlower/raw/master/red.png)"
8,NWPlayer123/AnimalCrossing,C,"# Animal Crossing for Nintendo GameCube

This repository is basically just a save-my-files-in-case-my-hard-drive-dies and to show people my suffering.

Expect more Sometime In The Futureâ„¢.
"
9,dragos240/Pocket-NLSE,C,"# Pocket-NLSE
A portable save editor for Animal Crossing: New Leaf on the Nintendo 3DS

##Back up your shit
Make sure you make backups of your save file in case you do something stupid or Pocket-NLSE fucks up (in which case please report that bug in the issues section).

##Suggestions
Suggestions are more than welcome. Please use the issues section for this.
"
10,SeunghoShin93/Animal-Crossing-Finder-Crawler-,Python,"# Animal Crossing Finder (Crawler)

## í”„ë¡œì íŠ¸ ì†Œê°œ

ë‹Œí…ë„ ìŠ¤ìœ„ì¹˜ ë™ë¬¼ì˜ ìˆ² ì—ë””ì…˜ì„ íŒŒëŠ” ì‡¼í•‘ëª°ì„ í¬ë¡¤ë§í•˜ì—¬ ì¬ê³  ì—¬ë¶€ë¥¼ ì•Œë ¤ì¤ë‹ˆë‹¤.



## ê°œë°œ ë°°ê²½

## ë‹Œí…ë„ ìŠ¤ìœ„ì¹˜ ë™ë¬¼ì˜ ìˆ² ì—ë””ì…˜ì´ ê°–ê³  ì‹¶ì—ˆë‹¤. 

ê·¸ëŸ¬ë‚˜ ìˆ˜ìš”ì— ë¹„í•´ í„°ë¬´ë‹ˆ ë¶€ì¡±í•œ ê³µê¸‰ì—, ì •í•´ì§„ ì‹œê°„ì— ë¬¼ëŸ‰ì„ í‘¸ëŠ” ì˜¤í”ˆ ë§ˆì¼“ì€ ëŒ€ê¸°ìê°€ ë„ˆë¬´ ë§ë‹¤.

ê²Œë¦´ë¼ ì„±ìœ¼ë¡œ ê°‘ìê¸° ë¬¼ê±´ì„ í‘¸ëŠ” ì‚¬ì´íŠ¸ì— ê¸°ëŒ€í•´ì•¼í•˜ëŠ” ìƒí™©ì´ì§€ë§Œ,

í•˜ë£¨ì¢…ì¼ ìƒˆë¡œê³ ì¹¨ë§Œ ëˆ„ë¥´ê³  ìˆì„ ìˆœ ì—†ëŠ” ë…¸ë¦‡ì´ê¸°ì— ì§ì ‘ ì‚¬ìš©í•˜ê¸° ìœ„í•´ ê°œë°œí–ˆë‹¤.



## Getting Started

- pip upgrade

- pip install -r requirements.txt

- ì‚¬ìš©í•˜ëŠ” chrome ë²„ì „ì— ë§ì¶° chromedriver ë‹¤ìš´ë¡œë“œ - https://chromedriver.chromium.org/downloads

- `ds_finder.py`  ì˜  `chrome_path` ë¥¼ ë³¸ì¸ ì»´í“¨í„°ì˜ `chromedriver.exe` ê²½ë¡œ ìˆ˜ì • 
  (default: `""C:/Download/chromedriver_win32/chromedriver.exe""`)

- `python ds_finder.py`  ë¡œ ì‹¤í–‰

  

## ê¸°ìˆ  ìŠ¤íƒ

- Selenium.webdriver
- pygame (ì•Œë¦¼ìŒ)



## ë™ì‘ ì›ë¦¬

- `python ds_finder.py` ë¡œ ì‹¤í–‰

- ì‚¬ì´íŠ¸ë¥¼ í¬ë¡¬ìœ¼ë¡œ render í›„ ì¬ê³  í’ˆì ˆ ì—¬ë¶€ë¥¼ ê²°ì •ì§“ëŠ” webelement ìš”ì†Œ ìºì¹˜
  - pygameìœ¼ë¡œ ìŒì•…ì„ ì¬ìƒí•˜ì—¬ ì‚¬ìš©ìì—ê²Œ êµ¬ë§¤ ê°€ëŠ¥ ì—¬ë¶€ë¥¼ ì•Œë¦°ë‹¤. (default music: ì‚¬ì´ë Œ)
  - ì¬ê³  ë°œìƒ ì‹œ : í„°ë¯¸ë„ì— ì‚¬ì´íŠ¸ print
  - í•´ë‹¹ ë„ë©”ì¸ì˜ í¬ë¡¬ ì°½ì´ ì¼œì§
  
- `ctrl+c` ëª…ë ¹ì–´ë¡œ ë„ì§€ ì•ŠëŠ” ì´ìƒ ìƒê¸° ê³¼ì • ë°˜ë³µí•©ë‹ˆë‹¤.

- ë Œë”ë§ ì—ëŸ¬ ì‹œ ê²½ì ìŒ ì¬ìƒ (í‹°ëª¬ì—ì„œ ìì£¼ ë°œìƒ)

  

## ì§€ì›í•˜ëŠ” ì‚¬ì´íŠ¸ ëª©ë¡ 



- `ì†Œí”„ë¼ë…¸`

- `ì¡°ì´íŠ¸ë¡  ìŠ¤í† ì–´ (ë„¤ì´ë²„ ìŠ¤ë§ˆíŠ¸ ìŠ¤í† ì–´)`

- `ì—”ì—”ë§ˆì¼“`

- `tmon (1ë²ˆ ì˜µì…˜, 2ë²ˆ ì˜µì…˜)`
- ê°„í—ì ìœ¼ë¡œ xpathê°€ ë°”ë€Œì–´ì„œ time exception error ê°€ ë°œìƒí•œë‹¤. body / ì²«ë²ˆì§¸ div ì¸ë±ìŠ¤ê°€ ë°”ë€œ 
  



## Tips

- ì¬ê³  í’€ë¦¬ëŠ” ì‹œê°„ì´ ëœë¤ì…ë‹ˆë‹¤. ì˜¤ì „ 8ì‹œë¶€í„° ì˜¤í›„ 6ì‹œ~7ì‹œê¹Œì§€ ì¼œë‘ì‹œê¸¸ ê¶Œì¥í•©ë‹ˆë‹¤.

- `test.py` ë¡œ ì»¤ìŠ¤í„°ë§ˆì´ì§•í•œ ì½”ë“œë¥¼ ì‹œí—˜í•´ë³´ì„¸ìš”!

- HOW TO CUSTOMIZE

  - `browser_form(domain)`ì— íŒë§¤ í˜ì´ì§€ ë„ë©”ì¸ ë“±ë¡

    or

  - `browser_form(domain)`ì— íŒë§¤ ëª©ë¡ í˜ì´ì§€ ë„ë©”ì¸ ë“±ë¡

  - í’ˆì ˆ ì—¬ë¶€ë¥¼ í™•ì¸ í•  ìˆ˜ ìˆëŠ” webElement (í’ˆì ˆ ë¡œê³ ë‚˜ êµ¬ë§¤ ê°€ëŠ¥ ì—¬ë¶€ ë“±ì„ ì¶”ì²œí•©ë‹ˆë‹¤.) ë³€ìˆ˜í™” í•˜ì—¬ êµ¬ë§¤ ê°€ëŠ¥ì‹œ  `go('text', True)` ì‹¤í–‰



## Updates

- cjmall ì‚­ì œ (ì¬ê³  ì „ë¬´)









## 2020-05-18 0928 ì¡°ì´íŠ¸ë¡  ì•Œë¦¼ìœ¼ë¡œ ì¸ì§ˆì…‹ êµ¬ë§¤ ì™„ë£Œ ! :joy: "
11,Chriskeehk/Animal-Crossing,HTML,
12,helmasaur/ac-keijiban,JavaScript,"[![License: MIT](https://img.shields.io/badge/License-MIT-yellow.svg)](https://opensource.org/licenses/MIT)
[![](https://img.shields.io/npm/v/ac-keijiban.svg)](https://www.npmjs.com/package/ac-keijiban)

# AC-Keijiban

Sends a random message from the *Animal Crossing: Wild World* video game on Nintend DS created by Katsuya Eguchi and published in 2005.

The quotes come from three types of board message:
- ""Message of the Week""
- ""Poetry""
- ""Talking to Myself""

## Installation

You have to add this module to your npm modules folder.

```bash
$ npm install ac-keijiban
```

## Example

### Importing the module

```js
// Require with a language (format xx)
const acKeijiban = require('ac-keijiban')('en');
// Require with a language (format xx-YY) sets 'en'(format xx)
const acKeijiban = require('ac-keijiban')('en-US')
// Require without an argument sets 'en'
const acKeijiban = require('ac-keijiban')();
```

### Displaying a random ""Message of the Week""

```js
console.log('*Message of the Week*');
console.log(acKeijiban.messageOfTheWeek.random());
```

### Displaying a random ""Poetry""

```js
console.log('-Poetry-');
console.log(acKeijiban.poetry.random());
```

### Displaying a random ""Talking to Myself""

```js
console.log('-Talking to Myself-');
console.log(acKeijiban.talkingToMyself.random());
```

## Translation

For the moment, the only language avaible is English. The French messages are being collected directly from *Animal Crossing: Wild World* on Nintendo DS.

Obviously, you are free to participate to the translation in French or in any other language.

### Avaible languages

#### English 
- ""Message of the Week"": 85 *(complete)*
- ""Poetry"": 2 *(complete)*
- ""Talking to Myself"": 74 *(complete)*
#### French
- ""Message de la semaine"": 18
- ""PoÃ¨me"": 0
- ""RÃ©flexions"": 13

## Thanks

Thanks to:
- The [*Programming Discussion*](https://progdisc.club) and the [*Coding Den*](https://discordapp.com/invite/code) Discord servers;
- [r/AnimalCrossing](https://www.reddit.com/r/AnimalCrossing) on Reddit;
- The [*Bulletin Board*](https://animalcrossing.fandom.com/wiki/Bulletin_Board) article on the *Animal Crossing* FANDOM wiki;
- Nintendo and Katsuya Eguchi for creating *Animal Crossing*;
- [BelleChoucroute](https://twitter.com/BelleChoucroute) for the French translation.
- [Zeste de Savoir](https://zestedesavoir.com) especially (ache and A-312) for making my code better.
## Licenses

- My source code is published under [MIT License](https://github.com/Helmasaur/ac-keijiban/blob/master/LICENSE).
- All the quotes from *Animal Crossing: Wild World* is the property of Nintendo."
13,artpark/AnimalCrossingUnity,C#,# AnimalCrossingUnity
14,dylannelson/AnimalCrossingDashboard,Jupyter Notebook,"# AnimalCrossingDashboard
## Dynamic Dashboard for Animal Crossing New Horizons
[Updates and Progress](https://github.com/dylannelson/AnimalCrossingDashboard/blob/main/Drafting/README.md)  
  
[>>> Working Site <<<](https://dylannelson.github.io/AnimalCrossingDashboard/)
    
![dec28th progress](Drafting/Sketches/12-28.PNG)
### Uses:
- Tracking the fish you've caught so far, saved locally
- See what fish you have left to collect
- See when and where to catch any missing fish

Updated with data visuals live, based off of your collection.

### Achieved Goals:
1. Make a grid for all fish and logos to represent them
2. Connect the data of each fish to their corresponding grid box
3. Allow the fish to be toggled on and off and save them locally
4. Make 4 data viz to help the users collect their remaining fish 
more efficiently
5. Host the site for others to use  
6. Scale with size: Make the bottom two graphs able to handle more than 20 data points
7. Basic aesthetics
8. Info/Help page
  
### Current Goals
9. More relevant units for first graph  
10. Better CSS/aesthetics

  
#### Stretch Goals:
Goals we would like to achieve as a bonus from our original intentions
1. Integrate the bug catalog, the second most sought afer creature
    - Requires doing all of the work above, but for a new dataset
2. Add artworks, the third most important
3. Add critters as well
4. Add additional info for each creature, like the informational quotes provided ingame
<br><br><br>
<ins>Credits</ins>
- [sungyeonu](https://github.com/sungyeonu/animal-crossing-scraper) for 
their web scraper and data"
15,chuangmaster/AnimalCrossingLineBotUpdateDoc,,"# AnimalCrossingLineBotUpdateDoc
æ­¤ç‚ºã€Œé›†åˆå•¦ï¼å‹•ç‰©æ£®å‹æœƒã€æ–¼Lineä¸Šçš„æ©Ÿå™¨äººã€ŒLineç‹¸ç«¯æ©Ÿã€çš„æ›´æ–°ç´€éŒ„èˆ‡åé¥‹å›æ‡‰ç´€éŒ„

---
# å•å·åé¥‹
æ‰€æœ‰å¡«è¡¨å–®å›é¥‹æ–¼æˆ‘çš„å•é¡Œï¼Œæˆ‘å°‡æ–¼æ­¤åœ°æ–¹é€²è¡Œå›è¦†ï¼Œå¸Œæœ›æœ‰ç­”è¦†åˆ°ä½ å€‘çš„å•é¡Œ:) <br>
ğŸ‘‰ https://lihi1.com/nY9Ah

---
## æ©Ÿå™¨äººåŠŸèƒ½èˆ‡æŒ‡ä»¤
1. æ‰¾DIYé…æ–¹ è¼¸å…¥åš[é“å…·é—œéµå­—] ä¾‹å¦‚: @åšæ«»èŠ±ã€@åšæ«»èŠ±å‚˜
> æ­¤åŠŸèƒ½é€²è¡Œæ¨¡ç³Šæ¯”å°ï¼Œå¦‚æœæœå°‹æ«»èŠ±å¯èƒ½æœƒå–å¾—æ›´å¤šèˆ‡æ«»èŠ±ç›¸é—œçš„é…æ–¹<br>
> ç‰¹åˆ¥æ³¨æ„ç•¶å¦‚æœè¼¸å…¥é…æ–¹çš„å…§å®¹åŒ…å«ç²¾æº–å…§å®¹æ™‚ï¼Œåƒ…æœƒé¡¯ç¤ºç²¾æº–é …ç›®ï¼Œä¾‹å¦‚æœå°‹ã€ŒéŸå­ã€æ™‚ï¼Œæœƒç›´æ¥å¸¶å‡ºéŸå­çš„é…æ–¹ï¼Œä¸æœƒå‡ºç¾ã€Œé‡‘è‰²éŸå­ã€
> å¦‚æœæœ‰è¦æŸ¥çœ‹å…¶ä»–éŸå­è³‡è¨Šï¼Œå»ºè­°è¼¸å…¥ã€Œ@åš**éŸ**ã€çš„é—œéµå­—

2. æ‰¾å³¶æ°‘èˆ‡ç‰¹æ®Šå³¶æ°‘è³‡è¨Š è¼¸å…¥èª°æ˜¯[å³¶æ°‘åç¨±]æˆ–[å³¶æ°‘åç¨±]æ˜¯èª° ä¾‹å¦‚: èª°æ˜¯é˜¿ä¿ã€å‚‘å…‹æ˜¯èª°ã€èª°æ˜¯ç‹¸å…‹
> æ­¤åŠŸèƒ½æ”¯æ´ä¸­(ç¹é«”)ã€è‹±æ–‡ã€æ—¥æœ¬æœå°‹

3. æŸ¥ç¨®æ—åˆ†é¡ ã€Œ@ç¨®æ—ã€ä¾‹å¦‚: @ç¨®æ—
> @ç¬¦è™Ÿç›®å‰è¨­è¨ˆæ˜¯åŠå½¢

4. æ‰¾å³¶æ°‘ç¨®æ— ã€Œ@ç¨®æ— ç¨®æ—åç¨±ã€ ä¾‹å¦‚: @ç¨®æ— è²“
> ç›®å‰åƒ…æ”¯æ´è¡Œå‹•è£ç½®ä¸Šçš„Line APP <br>
> ä½¿ç”¨**ç²¾æº–æ¯”å°**

5. æ‰¾å³¶æ°‘å€‹æ€§åˆ†é¡ è¼¸å…¥ã€Œ@å€‹æ€§ã€ä¾‹å¦‚: @å€‹æ€§
> ç›®å‰åƒ…æ”¯æ´è¡Œå‹•è£ç½®ä¸Šçš„Line APP <br>
> ä½¿ç”¨**ç²¾æº–æ¯”å°**

6. æ‰¾å³¶æ°‘å€‹æ€§ è¼¸å…¥ã€Œ@å€‹æ€§ å€‹æ€§åˆ†é¡ã€ä¾‹å¦‚: @å€‹æ€§ è‡ªæˆ€ã€@å€‹æ€§ æ‚ é–’
> ç›®å‰åƒ…æ”¯æ´è¡Œå‹•è£ç½®ä¸Šçš„Line APP <br>
> ä½¿ç”¨**ç²¾æº–æ¯”å°**

7. æ‰¾ä»Šå¤©èª°ç”Ÿæ—¥ è¼¸å…¥ã€Œ@ç”Ÿæ—¥ã€ä¾‹å¦‚: @ç”Ÿæ—¥
> åƒ…é¡¯ç¤ºä»Šæ—¥ç”Ÿæ—¥çš„å³¶æ°‘

8. æ‰¾å³¶æ°‘ç”Ÿæ—¥ è¼¸å…¥ã€Œ@ç”Ÿæ—¥ Month/Dayã€ä¾‹å¦‚: @ç”Ÿæ—¥ 04/22ã€@ç”Ÿæ—¥ 12/31
> è¼¸å…¥éŒ¯èª¤å°‡ä¸å›æ‡‰

9. æŸ¥è©¢å”®åƒ¹ è¼¸å…¥ã€Œ@è³£é­šåç¨±/æ˜†èŸ²åç¨±/æ¤ç‰©æ°´æœåç¨±ã€(ç›®å‰åƒ…æ”¯æ´é­šã€æ˜†èŸ²ã€æ°´æœæ¤ç‰©) ä¾‹å¦‚: @è³£é±’é­šã€@è³£ç‹¼è››ã€@è³£æ«»æ¡ƒ
> ç›®å‰åƒ…æ”¯æ´é­šã€æ˜†èŸ²<br>
> ä½¿ç”¨**ç²¾æº–æ¯”å°**

10. æŸ¥è©¢èŸ²é­šæ•æ‰æƒ…å ±ã€Œ@é­š [é­šåç¨±]ã€ã€ã€Œ@èŸ² [èŸ²åç¨±]ã€ ä¾‹å¦‚: @é­š é¯¨é¯Šã€@èŸ² ç‹¼è››
> ç›®å‰åƒ…æ”¯æ´é­šã€æ˜†èŸ²<br>
> ä½¿ç”¨**ç²¾æº–æ¯”å°**æ¯”å°å–®ä¸€é …ç›®
> ä½¿ç”¨**æ¨¡ç³Šæ¯”å°**æ¯”å°å¤šå€‹é¸å–®
> é€™å€‹åˆ†é¡æ˜¯å®˜æ–¹çš„åˆ†é¡ï¼Œå› æ­¤é’è›™ã€é¯Šé­šã€é¯¨é­šç­‰ï¼Œé›–ç„¶ä¸æ˜¯é­šï¼Œä½†æ˜¯è¢«åˆ†é¡åˆ°@é­š

11. æŸ¥è©¢æŸæœˆèŸ²é­šæ¸…å–®ã€Œ@é­š (æœˆä»½)æœˆã€ã€ã€Œ@èŸ² (æœˆä»½)æœˆã€ ä¾‹å¦‚: @é­š 7æœˆ, @èŸ² 7æœˆ
> ç›®å‰åŠŸèƒ½é¡¯ç¤ºè¼ƒç‚ºç°¡é™‹ï¼Œè«‹è¦‹è«’

12. æŸ¥è©¢åŒ–çŸ³ è¼¸å…¥ã€Œ@æ¤ç‰© [æ¤ç‰©åç¨±]ã€ ä¾‹å¦‚: @æ¤ç‰© æ©˜è‰²æ³¢æ–¯èŠ
> ä½¿ç”¨**æ¨¡ç³Šæ¯”å°**

13. æŸ¥è©¢åŒ–çŸ³ è¼¸å…¥ã€Œ@åŒ–çŸ³ [åŒ–çŸ³åç¨±]ã€ ä¾‹å¦‚: @åŒ–çŸ³ æš´é¾
> ä½¿ç”¨**æ¨¡ç³Šæ¯”å°**

14. æŸ¥è©¢è—è¡“å“ è¼¸å…¥ã€Œ@è—è¡“å“ [è—è¡“å“åˆ†é¡ã€åç¨±ã€çœŸå¯¦åç¨±]ã€ä¾‹å¦‚: @è—è¡“å“ åç•«ã€@è—è¡“å“ é›•å¡‘ã€@è—è¡“å“ åè²´çš„åç•«ã€@è—è¡“å“ æ˜Ÿç©º
> ä½¿ç”¨**æ¨¡ç³Šæ¯”å°**
> ç‰¹åˆ¥åŠ å…¥ç•«ä½œçœŸå½ï¼Œä¹ŸåŠ å…¥çœŸå¯¦ç•«ä½œçš„åå­—èˆ‡ä½œè€…ï¼Œéƒ½å¯ä»¥é€éé—œéµå­—ä¾†æœå°‹åˆ°

15. æŸ¥è©¢å®¶å…·ã€æœé£¾ è¼¸å…¥ã€Œ@æ‰¾ [å®¶å…·åç¨±/æœé£¾]ã€ 
> ä¾‹å¦‚: @æ‰¾ æœ¨å‰ä»–ã€@æ‰¾ èèŸ»è¾²å ´
> ä¾‹å¦‚: @æ‰¾ è˜‹æœæœã€@æ‰¾ ç‰›ä»”å¸½ã€@æ‰¾ é‡ç¹”ç½©è¡«&è¥¯è¡«
> ä½¿ç”¨**æ¨¡ç³Šæ¯”å°**ï¼Œä½†é‡åˆ°å¤šå€‹ç›¸ä¼¼é …ç›®å¿…é ˆç²¾æº–æ¯”å°<br>
> Iconåœ–ç¤ºåˆ†åˆ¥ç‚ºï¼šå¯ä»¥æ”¹é€ ã€å¯ä»¥æµ¬é»è³¼è²·ã€å¯ä»¥DIYã€å¯ä»¥ç¶²è³¼<br>
> æ”¯æ´ å®¶å…·ã€è£é£¾å“ã€å£æ›ç‰©ã€åœ°æ¯¯ã€åœ°ç‰ˆã€å£ç´™ã€æŸµæ¬„åˆ†é¡ã€æ‰‹æŒç‰©å“ã€ä¸Šèº«ã€ä¸‹èº«ã€å¥—è£ã€é ­æˆ´ã€é£¾å“ã€é‹å­ã€èƒŒåŒ…ã€é›¨å‚˜
> @æ‰¾ç‚ºæ–°å¢çš„æŒ‡ä»¤ï¼ŒåŸæœ¬çš„@å®¶å…·ã€@æœé£¾ä¾èˆŠå¯ä»¥ç”¨ï¼Œä½†å»ºè­°ä½¿ç”¨@æ‰¾(æ¯”è¼ƒç²¾ç°¡)

16. æ‰¾å°‹ç³»åˆ—ã€Œ#åˆ†é¡åç¨±ã€ ä¾‹å¦‚ï¼šä¾‹å¦‚ï¼šã€Œ#æ˜¥å¤©ã€ã€ã€Œ#æ˜Ÿåº§ã€ã€ã€Œ#ç«¹å­ã€ã€ã€Œ#é‘„éµã€

17. æ–¹ä¾¿å·¥å…· è¼¸å…¥ã€Œ@toolsã€

18. åœ¨èŠå¤©å®¤èˆ‡ç¾¤çµ„ç§»é™¤ã€ŒLineç‹¸ç«¯æ©Ÿã€ è¼¸å…¥ã€Œ@byeã€
---

## è´ŠåŠ©æˆ‘
è´ŠåŠ©æ–¹æ¡ˆğŸ‘‰ https://lihi1.com/2OMs8
è´ŠåŠ©å¿…å¡«å¦å‰‡ç„¡æ³•äº«æœ‰ç¦åˆ©ğŸ‘‰ https://lihi1.com/9zSXO

## è´ŠåŠ©åå–®
* 2020-06-18	æœ¨åœŸåœŸ	NTD 300
* 2020-06-18	å°*(è´ŠåŠ©å›å ±å–®æœªå¡«ï¼›ä¸é¡¯ç¤ºå…¨åç¢ºä¿ç¦åˆ©)	NTD 300
* 2020-06-17	æœå®—æ†²	NTD 150
* 2020-06-17	å±å±	NTD 500
* 2020-06-09	èœœèœœ	NTD 200
* 2020-06-08	èª æ„äº­	NTD 600
* 2020-06-05	æ—å­Ÿç’‡ Op à¸…Õâ€¢ï»Œâ€¢Õà¸…	NTD 100

---
# æ›´æ–°ç‰ˆæœ¬
20200619
* [Fiexed] v2020061901 èª¿æ•´@åšæŒ‡ä»¤ï¼Œä¿®æ­£ç«¹æ—ç‰†åœ–ç‰‡

20200618
* [Release] v2020061801 åŠ å…¥é“å…·é¡è‰²é¢¨æ ¼ã€å³¶æ°‘å–œæ„›é¢¨æ ¼èˆ‡é¡è‰²
* [Fiexed] v2020061801 æœªå‡ºç¾ç‰ˆæœ¬å³¶æ°‘ä¿®æ­£

20200615
* [Release] v2020061501 å¢åŠ å³¶æ°‘å…§è£ã€Amiiboç·¨è™Ÿ
* [Release] v2020061501 åˆä½µ@æ‰¾ã€@æœé£¾çš„æŒ‡ä»¤

20200614
* [Fiexed] v2020061401 ä¿®æ­£ç³é‡‘é¾œåç¨±

20200610
* [Fiexed] v2020061001 iPhoneå³¶æ°‘é¡¯ç¤ºéŒ¯èª¤ä¿®æ­£

20200609
* [Fiexed] v2020060901 ä¿®æ­£åŸé­šåã€Œé»‘é­šã€æ”¹ç‚ºã€Œé±§é­šã€(ä¸­æ–‡ç¿»è­¯å•é¡Œ)

20200608
* [Fiexed] v2020060801 å› èª¿æ•´è³‡æ–™å°è‡´bugæ¨¡ç³Šæ¯”å°ï¼Œé¡¯ç¤ºè‹±æ–‡å•é¡Œä¿®æ­£

20200605
* [Release] v2020060501 æ‰‹æŒç‰©å“æœå°‹å®Œæˆï¼Œå…è¨±ä½¿ç”¨ã€Œ@æ‰¾ã€æœå°‹æ‰‹æŒç‰©å“ï¼›é‡‹å‡ºæ‰¾åˆ†é¡åŠŸèƒ½ã€Œ#åˆ†é¡ã€

20200602
* [Fiexed] v2020060201 ä¿®æ­£ç«¹ç¯€èŸ²éŒ¯èª¤æ™‚é–“

20200601
* [Release] v2020052601 @ç¨®æ—ã€@å€‹æ€§æœå°‹çµæœæ¡ç”¨Liffè¦–çª—

20200526
* [Fiexed] v2020052601 ä¿®æ­£å®¶å…·æ¤°å­å£æ›ç›†æ ½åç¨±

20200525
* [Fiexed] v2020052501 ä¿®æ­£å®¶å…·Ninetendo Switchè³‡æ–™éŒ¯èª¤ï¼›ä¿®æ­£NPCè«å¾·é‡Œã€è«é‡Œè³‡æ–™

20200521
* [Fixed] v2020052101 ä¿®æ­£é‘„éµæœ¨DIYæ¡Œææ–™éŒ¯èª¤

20200520
* [Fixed] v2020052001ã€Œ@èŸ²ã€ã€ã€Œ@é­šã€æŒ‡ä»¤æ™‚æ®µé¡¯ç¤ºéŒ¯èª¤ä¿®æ­£ï¼›ã€Œ@æ‰¾ã€æŒ‡ä»¤å› æ›´æ–°å°è‡´ç„¡æ³•é¡¯ç¤ºæŸµæ¬„ã€åœ°æ¯¯ã€åœ°æ¿ã€ç‰†å£ä¿®æ­£

20200519
* [Released] v2020051901 ã€Œ@æ‰¾ã€æŒ‡ä»¤æ¨£å¼åç¨±ç¿»è­¯å®Œæˆï¼ŒåŒæ™‚èª¿æ•´å•†åº—é¡¯ç¤ºæ–‡æ¡ˆ
> å°šæœ‰æœ¬é«”å°šæœªå®Œæˆç¿»è­¯

20200518
* [Released] v2020051801 æ–°å¢ã€Œ@æ‰¾ã€æŒ‡ä»¤å…§å®¹ï¼ŒåŠ å…¥æ”¹é€ æœ¬é«”ã€æ¨£å¼ã€æ•¸é‡èˆ‡DIYåæŸ¥
> è¿‘æœŸæœƒé€²è¡Œç¿»è­¯

20200515
* [Released] v2020051501 èª¿æ•´@é­š[æœˆä»½]èˆ‡@èŸ²[æœˆä»½]æŒ‡ä»¤
> æ”¹æ¡ç”¨ç¶²é é¡¯ç¤º

20200512
* [Fixed] v2020051202 è³‡æ–™ä¿®æ­£ã€ŒDIY:é«˜æ¶èŠ±ç±ƒã€å³¶æ°‘:æŸ´å§ã€æŒ‡ä»¤
* [Released] v2020051201 æ–°å¢å³¶æ°‘æˆ¿å­èˆ‡è´ˆèˆ‡æœè£é¢¨æ ¼é¡è‰²åå¥½
> é€å°æ‡‰çš„é¡è‰²æœé£¾æœ‰åŠ©æ–¼å¢åŠ å¥½æ„Ÿåº¦

20200511
* [Released] v2020051102 æ–°å¢æŸ¥è©¢ã€Œ@æ‰¾ xxxã€æŒ‡ä»¤(åŸ@å®¶å…·æŒ‡ä»¤)
* [Released] v2020051101 æ–°å¢æŸ¥è©¢ã€Œ@æœé£¾ xxxã€æŒ‡ä»¤

20200510
* [Fixed] v2020051003 ä¿®æ­£Bug(DIY:æ”¹é€ iconé¡¯ç¤º)
* [Fixed] v2020051002 ä¿®æ­£Bug(@ç¨®æ— ç¶¿ç¾Š2 æ²’åæ‡‰ã€@ç¨®æ— å°ç†Š 3æ²’åæ‡‰ã€å€‹æ€§æˆç†ŸåŠæ‚ é–’ç”·å¥³ã€å®¶å…·:æ¶²æ™¶è¢å¹•ç„¡æ³•é¡¯ç¤º)
* [Released] v2020051002 æ–°å¢å®¶å…·æŒ‡ä»¤è³‡æ–™(åŒ…å«æŸµæ¬„ã€åœ°æ¿ã€åœ°æ¯¯ã€å£ç´™)
* [Fixed] v2020051001 å®¶å…·æŒ‡ä»¤ç„¡åæ‡‰bug

20200509
* [Released] v2020050901 æ–°å¢å®¶å…·æŒ‡ä»¤è³‡æ–™(åŒ…å«æŸµæ¬„ã€åœ°æ¿ã€åœ°æ¯¯ã€å£ç´™)
* [Fixed] v2020050901 ä¿®æ­£è³‡æ–™(å³¶æ°‘:å„’æ—å£é ­ç¦ª)

20200508
* [Fixed] v2020050802 ä¿®æ­£è³‡æ–™(DIY:é‘„éµèŠ±åœ’é•·æ¤…)
* [Fixed] v2020050801 èª¿æ•´å› ç‚ºæ›´æ–°æ¨£æ¿ç”¢ç”Ÿçš„bugã€ä¿®æ­£è³‡æ–™(å³¶æ°‘:ç« ä¸¸ä¸¸å£é ­ç¦ª)
* [Released] v2020050801 æ›´æ–°å³¶æ°‘æ¨£æ¿ï¼Œæ–°å¢é …ç›®(åå¥½è¡£æœçš„é¡è‰²èˆ‡é¢¨æ ¼)ï¼Œ*æ³¨æ„:æ­¤ä¸¦éå³¶æ°‘å–œé¡è‰²ï¼Œè€Œæ˜¯è¡£æœçš„åå¥½é¡è‰²èˆ‡é¢¨æ ¼*

20200507
* [Fixed] v2020050702 ä¿®æ­£(DIY:ç¶ è‰²è‰è£™ã€èŠ±åœ’é•·æ¤…ï¼Œå³¶æ°‘:è‚‰è‚‰ã€ä½™æ¿)
* [Released] v2020050701 æ–°å¢ç‰¹æ®Šå³¶æ°‘(æŒ‡ä»¤ç¯„ä¾‹:ã€Œèª°æ˜¯ç‹¸å…‹ã€)

20200506
* [Released] v2020050603 æ–°å¢å£æ›è³‡æ–™(æŒ‡ä»¤ç¯„ä¾‹:ã€Œ@å®¶å…· å£æ›å¼è Ÿç‡­ã€
* [Fixed] v2020050603 ä¿®æ­£è³‡æ–™(DIY:æ˜Ÿæ˜Ÿå´èƒŒåŒ…)
* [Fixed] v2020050602 ä¿®æ­£è³‡æ–™(èŸ²:ç«¹ç¯€èŸ²ã€å³¶æ°‘:å²åŸ¹äº)ã€èª¿æ•´UI
* [Released] v2020050601 å®¶å…·æŒ‡ä»¤æ–°å¢é …ç›®(æ“ºé£¾é¡)

20200505
* [Fixed] v2020050501 è³‡æ–™ä¿®æ­£(DIY:æ‰‹æŠ¼å¼æ±²æ°´å™¨ã€æ˜Ÿæ˜Ÿæ›æ›æ——)

20200504
* [Released] v2020050401 æ–°å¢é›œç‰©è²©å”®(ä¾‹å¦‚:@è³£é‡‘ç¤¦çŸ³ã€@è³£æ²™éŒ¢)
* [Fixed] v2020050401 è³‡æ–™ä¿®æ­£(å³¶æ°‘æ€§åˆ¥éºæ¼:èŠ±å·)

20200503
* [Fixed] v2020050302 è³‡æ–™ä¿®æ­£(å®¶å…·ä¾†æºæœªç¿»è­¯å®Œæˆå°è‡´bugæœªé¡¯ç¤º)
* [Fixed] v2020050301 è³‡æ–™ä¿®æ­£(DIY:ç«¹è£½ç‡­å°ã€æ·±è‰²ç«¹åœ°æ¯¯ã€ç¹½ç´›ä¸‰è‰²å ‡èŠ±åœˆ)

20200502
* [Fixed] v2020050204 æ–°å¢è³‡æ–™(æ¤ç‰©:æ¤°å­)
* [Fixed] v2020050203 è³‡æ–™ä¿®æ­£(DIY:çŸ³æ¡Œ)
* [Fixed] v2020050202 UXèª¿æ•´(æ˜†èŸ²ã€é­šæŸ¥è©¢)
* [Released] v2020050201 æ–°å¢å®¶å…·æŸ¥è©¢

20200501
* [Fixed] v2020050101 è³‡æ–™ä¿®æ­£(å³¶æ°‘:ç•ªèŒ„é†¬çš„åè¨€ã€DIY:å¤èœœæŸ‘æœ)

20200430
* [Released] v2020043003 æ–°å¢é­šèˆ‡æ˜†èŸ²æœˆä»½å½™æ•´æ¸…å–®ã€æ–°å¢è³£æ¤ç‰©æ¸…å–®
* [Fixed] v2020043002 è³‡æ–™æ¤ç‰©æŒ‡ä»¤éŒ¯èª¤ã€Œ@æ¤ç‰© xxã€ã€Bugä¿®æ­£
* [Fixed] v2020043001 è³‡æ–™ä¿®æ­£(DIYé…æ–¹: çŸ³å‡³å­)ã€åŠ å…¥éŠæˆ²1.2.0ç‰ˆçš„æ¤ç‰©å…§å®¹(çŒæœ¨)

20200429
* [Fixed] v2020042903 èª¿æ•´ã€Œ@è—è¡“å“ã€æŒ‡ä»¤ä½¿ç”¨è€…é«”é©—èˆ‡ä¿®æ­£èª¤æ¤å…§å®¹ã€èª¿æ•´ã€Œæ˜¯èª°ã€æŒ‡ä»¤bug
* [Released] v2020042902 æ–°å¢æ¤ç‰©æƒ…å ±åŠŸèƒ½
* [Update] v2020042901 èª¿æ•´ã€Œè³£ã€ã€ã€Œåšã€æŒ‡ä»¤

20200428
* [Released] v2020042802 æ–°å¢èŸ²é­šæƒ…å ±åŠŸèƒ½
* [Fixed] v2020042801 è³‡æ–™ä¿®æ­£(DIYé…æ–¹: å¸¸è¦‹åº­åœ’çŸ³ã€é«˜è³åº­åœ’çŸ³ã€æ£•æ«šæ¨¹ç‡ˆ)

20200427
* [Released] v2020042702 ä¿®æ­£æµé‡å•é¡Œ
* [Fixed] v2020042701 è³‡æ–™ä¿®æ­£(DIYé…æ–¹: é‹¼ç­‹)

20200426
* [Released] v2020042601 èªªæ˜æ–‡å­—ä¿®æ­£ã€è³‡æ–™ä¿®æ­£(DIYé…æ–¹:åœ“æœ¨é•·æ¤…ã€é«˜æ¶èŠ±ç±ƒã€å¾½ç« é–€ç‰Œ)
* [Released] v2020042601 æ–°å¢åŒ–çŸ³æŸ¥è©¢ã€è—è¡“å“æŸ¥è©¢(è¾¨è­˜åŠŸèƒ½èˆ‡çœŸå¯¦è³‡è¨Š

20200424
* [Released] v2020042402 æ–°å¢åŒ–çŸ³æŸ¥è©¢ã€è—è¡“å“æŸ¥è©¢
* [Fixed] v2020042401 ä¿®æ­£è³‡æ–™(DIYé…æ–¹åç¨±:é‡å¤–åœ“æœ¨é•·æ¤…ã€éŠ€æ²³ç³»åœ°æ¿ã€--æ¤°å­ç‡ˆ--)

20200423
* [Fixed] v2020042301 ä¿®æ­£è³‡æ–™(DIYé…æ–¹åç¨±:é‘„éµèŠ±åœ’é•·æ¤…ã€éµç”²é¢ç½©ã€é‡‘é ­ç›”ï¼›å³¶æ°‘ç”Ÿæ—¥å¤ªå¹³)

20200422
* [Released] v2020042203 ä¿®æ­£è³‡æ–™(DIYé…æ–¹åç¨±:æµæ°´ç´ éºµï¼›å³¶æ°‘åç¨±èŒƒå¦®èã€æ¯¬è—»)
* [Released] v2020042202 æ–°å¢ç”Ÿæ—¥æŸ¥è©¢ã€å€‹æ€§æŸ¥è©¢
* [Fixed] v2020042201 åŠ å…¥è³‡æ–™(é‘„éµèŠ±åœ’é•·æ¤…ã€è‰ç·¨å¾ŒèƒŒåŒ…)
* [Fixed] v2020042201 ä¿®æ­£è³‡æ–™(æ—¥è½è›¾åç¨±éŒ¯èª¤ã€é‡‘è‰²ç³é‡‘é¾œåç¨±éŒ¯èª¤ã€ä¿å¸å»·åç¨±éŒ¯èª¤)

20200421
* [Released] v2020042002 æ–°å¢èŸ²é¡ã€é­šé¡æŸ¥è©¢å”®åƒ¹
* [Fixed] v2020042101 åŠ å…¥è³‡æ–™(é«˜æ¶èŠ±ç±ƒ)


20200420
* [Released] v2020042002 æ–°å¢å¯ä»¥æŸ¥è©¢ç¨®æ—åŠŸèƒ½
* [Fixed] v2020042001 ä¿®æ­£DIYå·¥ä½œå°æ¯”å°å•é¡Œ


20200419
* [Fixed] v2020041902 ä¿®æ­£å³¶æ°‘è‹±æ–‡åç¨±å¤§å°å¯«æ¯”å°å•é¡Œ
* [Fixed] v2020041901 èª¿æ•´æ‰¾å°‹å³¶æ°‘æ•æ„Ÿåº¦ï¼Œåƒ…æœ‰ã€Œçµå°¾ç‚º**æ˜¯èª°**ã€ã€ã€Œé–‹é ­ç‚º**èª°æ˜¯**ã€æœƒè¢«é€²è¡Œæœå°‹

---
# è‡´è¬
* æ¢“éˆ
* ShihChi Hsu
* é˜¿D(è¨±ä»²å»·)
* æ—æ¾„å­
* æ—å­Ÿç’‡
* KeKe

## ç‰¹åˆ¥æ„Ÿè¬
æä¾›æ‰€æœ‰å›å ±çš„äººğŸ™<br> å¦‚æœæ‚¨ä¹Ÿæœ‰æä¾›è³‡æ–™ä¸¦æƒ³å…¬å¸ƒè‡´è¬åå–®ï¼Œè«‹èˆ‡æˆ‘è¯çµ¡ğŸ˜ƒ

## æˆ‘ä¹Ÿæƒ³è²¢ç»
å¦‚æœæ‚¨å°è³‡æ–™æ ¡æ­£ç¿»è­¯ä¹Ÿæœ‰èˆˆè¶£ï¼Œæ­¡è¿é€£çµ¡æˆ‘
"
16,cocopon/acqr,TypeScript,"# ACQR: QR code generator for Animal Crossing


![overview](https://user-images.githubusercontent.com/602961/79967363-b056e880-84c9-11ea-89e2-1d563bcbe017.png)


## Features
- Auto scaling and quantizing input image
- Customizing title and author
- Image preview


## Setup

```
$ npm install -g @cocopon/acqr
```

## Usage

```
$ acqr in.png
$ acqr in.png --title 'Title' --author 'Author' --output out.png
$ acqr in.png --preview preview.png
```
"
17,younata/Swift-Crossing,Swift,"An animal crossing clone in swift


[There's a Pivotal Tracker project for this](https://www.pivotaltracker.com/n/projects/1293068)."
18,jameskokoska/AnimalCrossingNH-App,Dart,"# ACNH Pocket Guide
This version written in Flutter is no longer maintained. See https://github.com/jameskokoska/AnimalCrossingNH-App-React for the new version written in React Native.   
Written in Flutter, supporting iOS and Android, with a modern and well polished design ACNH Pocket Guide is the best guide for tracking your collection as you progress through the game. View information on collectibles and creatures, as well as upcoming in game events. With the latest game information, this is the one stop for all your ACNH needs.
## Release
https://play.google.com/store/apps/details?id=com.acnh.pocket_guide

## Technical Features
 - Read and save information
 - Read information from JSON database efficiently
 - Optimization of lists views and database access
 - Classes and functions to allow for modular programming page design
 - Python script to easily split up spreadsheet JSON into multiple files, for easy database updating
 - UI planning done all in Adobe XD, see UI Assets folder

## Features

- Dark mode
- Modern and polished interface and design
- Upcoming events list + Villager birthdays
- Active creatures list
- Fish tracking + fish shadows
- Bug tracking
- Sea creatures tracking + sizes
- Fossils collection tracking
- Art collection tracking
- Villager information
- Crafting materials and tools guide
- DIY recipe sources
- Furniture and variations collection
- Clothing and variations collection
- Flooring and wallpaper collections
- Slider song collection
- Emoticon collection
- Store hours
- Construction page and costs
- Television program guide
- Weather percentage guide
- Seasons information and resource availability

## Screenshots
Can be seen here: https://play.google.com/store/apps/details?id=com.acnh.pocket_guide
or below:
| ![Screenshot 1](/Promotional/1.jpg)  | ![Screenshot 2](/Promotional/2.jpg) | ![Screenshot 3](/Promotional/3.jpg) |
| ------------- | ------------- | ------------- |
| ![Screenshot 4](/Promotional/4.jpg)  | ![Screenshot 5](/Promotional/5.jpg) | ![Screenshot 6](/Promotional/6.jpg) |
| ![Screenshot 7](/Promotional/7.jpg)  | ![Screenshot 8](/Promotional/8.jpg) | ![Screenshot 9](/Promotional/9.jpg) |
| ![Screenshot 10](/Promotional/10.jpg)  |
"
19,AustinTSchaffer/animal-crossing-crafting-recipe-database,Python,"# Animal Crossing: Crafting Recipe Database

This repository contains a few inter-related applications that process, serve, and display
data related to all of the crafting recipes from the game: **Animal Crossing: New Horizons**.

A big inspiration for this project was and is the
[Stardew Profits](https://thorinair.github.io/Stardew-Profits/) web application, which helps
users figure out which crops to plant in order to maximize profits.


## Web Scraper (`data/app.py`)

This component of the application is a web scraper that uses Selenium to scrape a few pages from
the [Fandom Animal Crossing Wiki](https://animalcrossing.fandom.com/wiki/Animal_Crossing_Wiki)
in order to generate a JSON document that contains all of the information on crafting recipes
and raw materials from the Wiki.


## GraphQL API (`graphql-backend/app.py`)

This component serves the data generated by the web scraper as a GraphQL API, containing the
following endpoints:

- `wikiBaseUrl: String`: Returns the base URL for the Animal Crossing Fandom Wiki.
- `rawMaterial(id: String): RawMaterial`: Returns a single raw material, using the raw material's ID.
- `rawMaterials: [RawMaterial]`: Returns a list of all raw materials.
- `recipe(id: String):` Recipe: Returns a single recipe using the recipe's ID.
- `recipes(rawMaterialId: StringrecipeIds: [String]): [Recipe]`: Returns a list of recipes. Has a few filter options.
- `craftableRecipes(rawMaterials: [CraftableRecipeRawMaterialArg]): [CraftableRecipeResponse]`: Returns a list of recipes that can be crafted based on a list of raw materials.


## Web Interface

The intent of was to also provide a web interface that allowed users to easily answer questions about
all of the crafting recipes that are available in the game. Some of the questions that I had in mind
while playing the game and working on the web scraper and backend API were:

- What are all of the recipes that use iron nuggets? Clay? Hardwood?
- How much are each of those recipes worth?
- I don't have this recipe... where can I get it?
- How many of this recipe can I craft based on what I currently have on hand?
- Are there any recipes that are worth more than others, relative to the materials that each requires?
- What is the maximum profit that I can make from all of the wood, stone, iron, and clay that I have and what do I need to craft to achieve that?

Work on this component of the application has not yet begun. Please let me know if you are interested
in working on the web interface component by opening an issue on this repository or by emailing me at.

> Austin Schaffer
> 
> schaffer.austin.t (at) gmail.com

Part of the reason why work on the web interface was never started was because catching Tarantulas and
playing the Stalk Market are vastly more profitable, relative to the work required. I still believe that
the crafting system in the game is interesting and exploitable, and this application may still be useful
to those who are looking to maximize their profit on the materials that they've acquired over time.


## Analysis

**Caveat:** Nintendo could change the pricing model for **Animal Crossing: New
Horizons** at any time, which could invalidate the results of this analysis
altogether. Also the data that this analysis was based on was effectively
crowd-sourced from the Animal Crossing Fandom Wiki on April 7th, 2020. On that
date, not all of the recipes available in the game were fully documented in the
Wiki and some of the pricing and materials data that was documented in the Wiki
may have been inaccurate.

In general, most of the craftable items in the game have a sell price that is
equal to double the price of all of the raw materials that went into the recipe
put together. Taking the Hearth as an example, the Hearth recipe requires:

- 2 bamboo pieces, worth 80 bells each
- 4 clay, worth 100 bells each
- 5 hardwood, worth 60 bells each
- 5 iron nuggets, worth 375 bells each

If you sold all of these raw materials on their own, you would receive 2735
bells. If you elect to craft those materials into a hearth then sell the hearth,
you would receive 5470 bells.

This formula works across all crafting materials with the exception of 4 recipes
where the sell price of the completed recipe is worth MORE than double the price
of the materials that were used to craft the recipe and 23 recipes where the
sell price is LESS than double the price of the materials.

The following 4 recipes are worth more than double the price of the materials that
were used to craft them.

| Recipe             | Value of Materials | Value of Recipe | VoR / VoM |
| ------------------ | ------------------ | --------------- | --------- |
| Flimsy fishing rod | 25                 | 100             | 4         |
| Flimsy net         | 25                 | 100             | 4         |
| Fish bait          | 60                 | 200             | 3 1/3     |
| Pitfall seed       | 40                 | 140             | 3 1/2     |

The following 23 recipes are worth less than double the price of the materials
that were used to craft them. If you're looking to generate cash, do not craft
these recipes. Also interesting to note is that all of the recipes that use gold
nuggets show up in this list, meaning there's no way to increase the value of a
gold nugget.

| Recipe               | Value of Materials | Value of Recipe | VoR / VoM          |
| -------------------- | ------------------ | --------------- | ------------------ |
| Axe                  | 655                | 625             | 0.9541984732824428 |
| Flimsy shovel        | 300                | 200             | 0.6666666666666666 |
| Shovel               | 675                | 600             | 0.8888888888888888 |
| Fishing rod          | 400                | 600             | 1.5                |
| Net                  | 400                | 600             | 1.5                |
| Flimsy watering can  | 300                | 200             | 0.6666666666666666 |
| Watering can         | 675                | 600             | 0.8888888888888888 |
| Slingshot            | 300                | 225             | 0.75               |
| Golden slingshot     | 10300              | 10300           | 1.0                |
| Birdbath             | 450                | 400             | 0.8888888888888888 |
| Palm-tree lamp       | 2640               | 3280            | 1.2424242424242424 |
| Aroma holder         | 400                | 600             | 1.5                |
| Coconut juice        | 500                | 500             | 1.0                |
| Golden arowana model | 30000              | 30000           | 1.0                |
| Gold bars            | 30000              | 30000           | 1.0                |
| Golden candlestick   | 20000              | 20000           | 1.0                |
| Golden dishes        | 10000              | 10000           | 1.0                |
| Golden dung beetle   | 30000              | 30000           | 1.0                |
| Coconut wall planter | 550                | 600             | 1.0909090909090908 |
| Golden gears         | 11125              | 11125           | 1.0                |
| Gold armor           | 80000              | 80000           | 1.0                |
| Leaf                 | 50                 | 80              | 1.6                |
| Medicine             | 330                | 100             | 0.3030303030303030 |

If you ignore those 27 recipes and gold nuggets, you can generate a table of the
value of each crafting material when used in a crafting recipe by doubling its
sell price.

| Raw Material         | Sell Price When Crafted | Stack Size | Value of a Stack |
| -------------------- | ----------------------- | ---------- | ---------------- |
| Iron nugget          | 750                     | 30         | 22500            |
| Young spring bamboo  | 400                     | 30         | 12000            |
| Earth Egg            | 400                     | 30         | 12000            |
| Stone Egg            | 400                     | 30         | 12000            |
| Leaf Egg             | 400                     | 30         | 12000            |
| Wood Egg             | 400                     | 30         | 12000            |
| Sky Egg              | 400                     | 30         | 12000            |
| Water Egg            | 400                     | 30         | 12000            |
| Coconut              | 1000                    | 10         | 10000            |
| Clay                 | 200                     | 30         | 6000             |
| Wasp nest            | 600                     | 10         | 6000             |
| Stone                | 150                     | 30         | 4500             |
| Bamboo piece         | 160                     | 30         | 4800             |
| Wood                 | 120                     | 30         | 3600             |
| Hardwood             | 120                     | 30         | 3600             |
| Softwood             | 120                     | 30         | 3600             |
| Cherry-blossom petal | 400                     | 10         | 4000             |
| Fruit                | 200 (Regardless)        | 10         | 2000             |
| Clump of weeds       | 20                      | 99         | 1980             |
| Tree branch          | 10                      | 30         | 300              |
| Fossil               | 200                     | 1          | 200              |

From this table, you can see that only stacks of bunny day eggs, coconuts, young
spring bamboo, and iron nuggets are worth more than a single tarantula or
scorpion. I personally would argue that the effort required to get a stack of
any one of those is higher than the effort required to set up a viable tarantula
island and then catch a few. Regardless, this table may still useful when
choosing between a partial stack of wood and the fish that you just caught, or
motivating yourself to turn all of the unused materials in your possession into
a little extra cash.

## Recommendations

Don't just sell all of your resources, craft them into stuff in order to double
their value. ...except gold nugs, those are always worth 10k. Also, just sell
your extra sticks. The crafting recipes that use them really aren't worth the
trouble.

If you REALLY want to make loads o' money, save a little cash and play the Stalk
Market. Just like in America, you don't get rich in Animal Crossing by working.

Most importantly, don't be like me and try to optimize every detail. Just play
the game and have fun.
"
20,Lizzip/animal_crossing_checklist,JavaScript,"# animal_crossing_checklist
Bug and Fish checklist for tracking progress in Animal Crossing: New Horizons

Hosted at my [personal website](http://magicsheepgames.co.uk/animalcrossing.html)"
21,t238wang/AnimalCrossingHelper,JavaScript,"# AnimalCrossingHelper
## Feature(s) available now:
My initial goal is to make this app a ""swiss army knife"" app
### Fishing Index
Having the exact ordering of the fishing index in app so it's super easy to cross-reference with your own record. The checkmark will show what fish are available for you. Good luck fishers.
![fishing index screenshot](screenshots/fish.jpg)

## Features I will be working on:
1. Turnips trading dashboard, where app shows a list of users' turnips price and their islands' access code so villigers can find the best island to sell their turnips.
2. QR code generator. Generate QR code by importing pictures.

## Featires I might be working on(please please contribute to it)
1. add southern hemisphere info for fishing index
2. add English/other languages for index
3. add other index, such as bugs, villagers, npcs, ... etc

## Where can I download this app?
### Android
https://exp-shell-app-assets.s3.us-west-1.amazonaws.com/android/%40t238wang/acnh-helper-854de302af2c4a0794269f00ff19a5a9-signed.apk

### iOS
please clone this repo, register expo, run expo yourself. 

## Supported/Tested devices
This app works on OnePlus7Pro and iPads. I know this won't work on some smaller devices because they nasty way I organize UI. I will fix when I got a chance, or, please contribute.

"
22,leilaapsilva/AnimalCrossingMemoryGame,JavaScript,"# Animal Crossing - Memory Game
## Jogo da memÃ³ria baseado em Animal Crossing

### Cards com imagens dos [amiibos](https://animal-crossing.com/amiibo/collections/series-1-4-amiibo-cards) do jogo

Jogue em:
[leilaapsilva.github.io/AnimalCrossingMemoryGame](leilaapsilva.github.io/AnimalCrossingMemoryGame)



![Imagem do jogo](img/printscreen.png)

Atualizado em 16/07/20

TO DO: Deixar o jogo de forma genÃ©rica, de modo que possam ser criados jogos da memÃ³ria de outros temas
"
23,Soryyyn/Critterpedia,Vue,"<p align=""center"">
  <img src=""https://raw.githubusercontent.com/soryyyn/critterpedia/master/assets/titleSprite.png"" width=""600"" title=""titleCard"">
</p>

---

I'm aiming to make catching all the creatures in Animal Crossing: New Horizons easier for everyone with this project! It (currently) shows all fish & bugs but if more are added I'm happy to add them to the website/project! If you sign up, you'll also be able to save, favorite and see if the current creature is available to catch!

<br>

## ğŸŒ± What technologies am I using for this project?
This project uses the awesome Animal Crossing API: http://acnhapi.com. It makes all creatures and more available, and so it makes it easier to maintain this project!

It is also made with the Vue.js framework to make it a SPA, a Mongo Database and more! I'm open to answer questions!

<br>

## ğŸ‘ What are my future plans with this project?
I'm looking to keep this project up to date at all times, or maybe as long as the game or the community keep this game alive! If you would like to help me support this project or more of my future projects, it would be awesome if you'd buy me a [hot chocolate](https://www.buymeacoffee.com/soryn) or donate directly through [PayPal](https://www.paypal.me/soryyyn) to help keep this project free for as many people as possible!
"
24,714589373/AnimalCrossingUnity,C#,"# AnimalCrossingUnity
An Animal Crossing Fanproject
"
25,custardplanet/villager-bot,Python,
26,maryehuerta/animal-crossing-music,JavaScript,"# Animal Crossing Music

## Background 
Music web-app that plays 24 hour *Animal Crossing New Leaf* music. Each hour there is a different song played corresponding to the song being played in that hour of Animal Crossing.

This was create for me to learn more about React and understand css more. Definately not complete but I'll add on every once in a while.

## History 
### Janurary 2018 
* New Earth! Created with Affinity Designer ğŸŒ
* Characters and Bugs added ğŸ¶ ğŸ›
![alt text](https://github.com/maryehuerta/animal-crossing-music/raw/master/screenshots/Screen%20Shot%202018-01-11%20at%204.57.09%20PM.png ""Changes from 2018"")

### September 2017  
* Added Music ğŸ¶
* Cloud animations â˜ï¸ â˜ï¸ â˜ï¸
![alt text](https://github.com/maryehuerta/animal-crossing-music/raw/master/screenshots/Screen%20Shot%202017-09-22%20at%2011.36.26%20AM.png ""Changes from October 2017"")



"
27,theastropath/turbot,Python,"<img align=""right"" src=""https://raw.githubusercontent.com/theastropath/turbot/master/turbot.png"" />

# Turbot

[![build][build-badge]][build]
[![pypi][pypi-badge]][pypi]
[![python][python-badge]][python]
[![codecov][codecov-badge]][codecov]
[![black][black-badge]][black]
[![mit][mit-badge]][mit]

A Discord bot for everything _Animal Crossing: New Horizons_.

## ğŸ“± Using Turbot

Once you've connected the bot to your server, you can interact with it over
Discord via the following commands in any of the authorized channels.

- `!about`: Get information about Turbot
- `!help`: Provides detailed help about all of the following commands
- `!export`: Send a DM with all the data Turbot has associated with you

### ğŸ’¸ Turnips

![predictions](https://user-images.githubusercontent.com/1903876/82263275-63730000-9917-11ea-94d1-38661784097c.png)

These commands help users buy low and sell high in the stalk market.

- `!best`: Look for the current best sell or buy
- `!buy`: Save a buy price
- `!clear`: Clear your price data
- `!graph`: Graph price data
- `!history`: Get price history
- `!lastweek`: Get graph for last week's price data
- `!oops`: Undo the last price data
- `!predict`: Predict your price data for the rest of the week
- `!reset`: Reset all users' data
- `!sell`: Save a sell price

### â„¹ï¸ User Preferences

![user-info](https://user-images.githubusercontent.com/1903876/82263272-61a93c80-9917-11ea-9e8c-ded5eb1f652e.png)

These commands allow users to set their preferences. These preferences are used
to make other commands more relevant, for example by converting times to the
user's preferred timezone.

- `!info`: Get a user's information
- `!pref`: Set a user preference; use command to get a list of available options

### ğŸ“® Collectables

![collecting](https://user-images.githubusercontent.com/1903876/82263264-5f46e280-9917-11ea-9c1e-90d4077013ca.png)

When a community of users tracks collectables and trades them between each
other, everyone finishes collecting everything in the game so much more quickly
than they would on their own. Turbot supports collecting:

- ğŸ¦´ Fossils
- ğŸ Bugs
- ğŸŸ Fish
- ğŸ–¼ï¸ Art
- ğŸ¶ Songs

#### ğŸ“ˆ Managing your Collection

- `!collect`: Mark something as collected
- `!collected`: Show the things you've collected so far
- `!count`: Count the number of collected things you have
- `!needed`: Find out what collectables are needed by you and others
- `!search`: Search for someone who needs something you're looking to give away
- `!uncollect`: Remove something from your collection
- `!uncollected`: Get a list of things that you haven't collected yet

#### ğŸ¤” Helper Utilities

Some collections require additional support such as the `!art` command that
helps users tell fake art from real art. The `!bugs` and `!fish` commands
tell users when and where to catch those critters. These commands also know what
you've already collected and will tailor their responses to the user.

- `!art`: Get information on an art piece
- `!bugs`: Get information on bugs
- `!fish`: Get information on fish
- `!new`: Get information on newly available fish and bugs

### ğŸ‘‘ Administration

- `!authorize`: Configure which channels Turbot can operate in

## ğŸ¤– Running Turbot

First install `turbot` using [`pip`](https://pip.pypa.io/en/stable/):

```shell
pip install turbot
```

Then you must configure two things:

1. Your Discord bot token.
2. The list of channels you want `turbot` to monitor. (Default: All channels)

To provide your Discord bot token either set an environment variable named
`TURBOT_TOKEN` to the token or paste it into a file named `token.txt`.

For the list of channels you can provide channel names on the command line using
any number of `--channel ""name""` options. Alternatively you can create a file
named `channels.txt` where each line of the file is a channel name. You can
also specify them via the environment variable `TURBOT_CHANNELS` as a semicolon
delimited string, for example: `export TURBOT_CHANNELS=""some;channels;here""`.
You can also leave this unspecified and Turbot will operate within all channels,
then you can specify a smaller set of channels using the `!authorize` command.

By default Turbot will use sqlite3 as its database. You can however choose to
use another database by providing a [SQLAlchemy Connection URL][db-url]. This
can be done via the `--database-url` command line option or the environment
variable `TURBOT_DB_URL`. Note that, at the time of this writing, Turbot is only
tested against sqlite3 and PostgreSQL.

More usage help can be found by running `turbot --help`.

## âš›ï¸ Heroku Support

Turbot supports deployment to Heroku out of the box. All you need is your
Discord bot token and you're ready to go! Just click the Deploy to Heroku
button, below.

[![Deploy](https://www.herokucdn.com/deploy/button.svg)][deploy]

For more details see [our documentation on Heroku support](HEROKU.md).

## ğŸ³ Docker Support

You can also run Turbot via docker. See
[our documentation on Docker Support](DOCKER.md) for help.

## â¤ï¸ Contributing

If you'd like to become a part of the Turbot development community please first
know that we have a documented [code of conduct](CODE_OF_CONDUCT.md) and then
see our [documentation on how to contribute](CONTRIBUTING.md) for details on
how to get started.

---

[MIT][mit] Â© [TheAstropath][theastropath], [lexicalunit][lexicalunit] et [al][contributors]

[black-badge]:      https://img.shields.io/badge/code%20style-black-000000.svg
[black]:            https://github.com/psf/black
[build-badge]:      https://github.com/theastropath/turbot/workflows/build/badge.svg
[build]:            https://github.com/theastropath/turbot/actions
[codecov-badge]:    https://codecov.io/gh/theastropath/turbot/branch/master/graph/badge.svg
[codecov]:          https://codecov.io/gh/theastropath/turbot
[contributors]:     https://github.com/theastropath/turbot/graphs/contributors
[db-url]:           https://docs.sqlalchemy.org/en/latest/core/engines.html
[deploy]:           https://heroku.com/deploy
[lexicalunit]:      http://github.com/lexicalunit
[mit-badge]:        https://img.shields.io/badge/License-MIT-yellow.svg
[mit]:              https://opensource.org/licenses/MIT
[pypi-badge]:       https://img.shields.io/pypi/v/turbot
[pypi]:             https://pypi.org/project/turbot/
[python-badge]:     https://img.shields.io/badge/python-3.7+-blue.svg
[python]:           https://www.python.org/
[theastropath]:     https://github.com/theastropath
"
28,punctuations/ac,JavaScript,"# Animal Crossing Time ğŸƒ

<a href=""https://www.producthunt.com/posts/ac?utm_source=badge-featured&utm_medium=badge&utm_souce=badge-ac"" target=""_blank""><img src=""https://api.producthunt.com/widgets/embed-image/v1/featured.svg?post_id=279749&theme=dark"" alt=""ac - Animal Crossing music depending on the local time & weather! | Product Hunt"" style=""width: 250px; height: 54px;"" width=""250"" height=""54"" /></a>

Animal Crossing Time is a simple site inspired by [crossingti.me](https://crossingti.me) that plays different Animal Crossing songs depending on the time! It is currently in beta so please know that there **will** be bugs, if you happen to find some please either create an issue, or reach out ot me on [twitter](https://twitter.com/wwwdotca) or [discord](https://discord.gg/ASuqg75pAP).

#### ğŸ“ Have suggestions?

Feel free to leave suggestions in the [discussions](https://github.com/punctuations/ac/discussions) or contact me with suggestions you have to better this project and make it stand out! You can contact me with the methods stated above.

#### ğŸš€ I cloned the repo how do I run a development server?

Start with:

```bash
npm i
```

Then start up the development server:

```bash
npm run dev
# or
yarn dev
```

Open your browser and go to [localhost:3000](http://localhost:3000)!

#### â” What's Next.js?

Next.js is a react framework for production.

**You can learn more about Next.js with the links below:**

- [Next.js Documentation](https://nextjs.org/docs) - learn about Next.js features and API.
- [Learn Next.js](https://nextjs.org/learn) - an interactive Next.js tutorial.
"
29,han-jinkyu/animal-crossing-turnip,JavaScript,"# animal-crossing-turnip
ê²Œì„ 'ë™ë¬¼ì˜ ìˆ²'ì˜ ë¬´ ê°€ê²©ì„ ì˜ˆì¸¡í•˜ëŠ” ì‚¬ì´íŠ¸

A site that predicts turnip prices of Game 'Animal Crossing'

https://animal-crossing-turnip.web.app

## Tech stack
### Language
- Node.js (v13.12.0)

### Backend
- Firebase

### Frontend
- Vue.js
- Bootstrap 4

## References
https://gist.github.com/Treeki/85be14d297c80c8b3c0a76375743325b
"
